,sku,cargotype
5745635,3e42fe027d635353ec4a0e27e144e566,291
5745635,3e42fe027d635353ec4a0e27e144e566,320
5745635,3e42fe027d635353ec4a0e27e144e566,340
5745635,3e42fe027d635353ec4a0e27e144e566,410
5745635,3e42fe027d635353ec4a0e27e144e566,480
5745635,3e42fe027d635353ec4a0e27e144e566,485
5155079,8cfbe66f401ffe9a6d9fb3b8a94604fc,292
5155079,8cfbe66f401ffe9a6d9fb3b8a94604fc,340
2036326,fa6ea9f2fceb6b3006e09e950ae8adeb,290
2036326,fa6ea9f2fceb6b3006e09e950ae8adeb,690
2036326,fa6ea9f2fceb6b3006e09e950ae8adeb,780
2036326,fa6ea9f2fceb6b3006e09e950ae8adeb,801
2036326,fa6ea9f2fceb6b3006e09e950ae8adeb,1010
6070604,902c200253d19ce441b1713c1dac063c,291
6070604,902c200253d19ce441b1713c1dac063c,360
4717428,b1db25e57c75bd09f52954a02450c3e7,200
4717428,b1db25e57c75bd09f52954a02450c3e7,291
4717428,b1db25e57c75bd09f52954a02450c3e7,310
4717428,b1db25e57c75bd09f52954a02450c3e7,360
6640658,e1a683071f58f26c7c7fc3bdeb64410f,291
6640658,e1a683071f58f26c7c7fc3bdeb64410f,310
6640658,e1a683071f58f26c7c7fc3bdeb64410f,360
5467473,1bc8b3eeddcb9243206a59a1a842f8bf,292
5467473,1bc8b3eeddcb9243206a59a1a842f8bf,360
16098152,2241eb6229e39aa5dc7adafa3f1acdfe,290
16098152,2241eb6229e39aa5dc7adafa3f1acdfe,360
16098152,2241eb6229e39aa5dc7adafa3f1acdfe,410
16098152,2241eb6229e39aa5dc7adafa3f1acdfe,720
16098152,2241eb6229e39aa5dc7adafa3f1acdfe,750
16098152,2241eb6229e39aa5dc7adafa3f1acdfe,780
16098152,2241eb6229e39aa5dc7adafa3f1acdfe,920
16098152,2241eb6229e39aa5dc7adafa3f1acdfe,960
14011647,4294ddbda2790b2b86f393dd26479c55,200
14011647,4294ddbda2790b2b86f393dd26479c55,291
14011647,4294ddbda2790b2b86f393dd26479c55,340
14011647,4294ddbda2790b2b86f393dd26479c55,641
14011647,4294ddbda2790b2b86f393dd26479c55,692
2817142,15936af31003de46b82f8e8cbfe39479,200
2817142,15936af31003de46b82f8e8cbfe39479,290
2817142,15936af31003de46b82f8e8cbfe39479,340
2817142,15936af31003de46b82f8e8cbfe39479,641
2817142,15936af31003de46b82f8e8cbfe39479,691
18596954,d6af887b5b191b97d632906110c6f99e,291
18596954,d6af887b5b191b97d632906110c6f99e,340
18596954,d6af887b5b191b97d632906110c6f99e,950
4630322,03792096ffa3e48a6124162e1a2d8275,291
4630322,03792096ffa3e48a6124162e1a2d8275,360
4630322,03792096ffa3e48a6124162e1a2d8275,490
10065619,2d962d77120ea65989e0b88e60961dd3,120
10065619,2d962d77120ea65989e0b88e60961dd3,290
10065619,2d962d77120ea65989e0b88e60961dd3,690
10065619,2d962d77120ea65989e0b88e60961dd3,770
10065619,2d962d77120ea65989e0b88e60961dd3,780
10065619,2d962d77120ea65989e0b88e60961dd3,801
10065619,2d962d77120ea65989e0b88e60961dd3,1010
19858589,7436d58bee70eaf9ac28d3aa2c084e2a,290
19858589,7436d58bee70eaf9ac28d3aa2c084e2a,310
19858589,7436d58bee70eaf9ac28d3aa2c084e2a,340
5065045,b967fbd19ab61b7389841c31961b2489,200
5065045,b967fbd19ab61b7389841c31961b2489,291
5065045,b967fbd19ab61b7389841c31961b2489,360
5065045,b967fbd19ab61b7389841c31961b2489,641
5065045,b967fbd19ab61b7389841c31961b2489,692
5745317,06076bee03b035cb460ca9cb680d76f7,292
5745317,06076bee03b035cb460ca9cb680d76f7,320
5745317,06076bee03b035cb460ca9cb680d76f7,340
5745317,06076bee03b035cb460ca9cb680d76f7,410
5745317,06076bee03b035cb460ca9cb680d76f7,480
5745317,06076bee03b035cb460ca9cb680d76f7,485
4671629,b40c57049a2c28428a484197be497551,292
4671629,b40c57049a2c28428a484197be497551,300
4671629,b40c57049a2c28428a484197be497551,301
4671629,b40c57049a2c28428a484197be497551,302
4671629,b40c57049a2c28428a484197be497551,340
4671629,b40c57049a2c28428a484197be497551,950
10144067,6b9a0bef237f14621b4b836dc51c8847,200
10144067,6b9a0bef237f14621b4b836dc51c8847,290
10144067,6b9a0bef237f14621b4b836dc51c8847,641
10144067,6b9a0bef237f14621b4b836dc51c8847,691
16830730,0f7e5f426018fb5fb731a54c14d5261f,290
16830730,0f7e5f426018fb5fb731a54c14d5261f,340
16830730,0f7e5f426018fb5fb731a54c14d5261f,410
16830730,0f7e5f426018fb5fb731a54c14d5261f,520
16830730,0f7e5f426018fb5fb731a54c14d5261f,720
16830730,0f7e5f426018fb5fb731a54c14d5261f,750
16830730,0f7e5f426018fb5fb731a54c14d5261f,980
7137383,01739f870ec136dbdd9b77bf99dcc1bc,291
7137383,01739f870ec136dbdd9b77bf99dcc1bc,305
7137383,01739f870ec136dbdd9b77bf99dcc1bc,340
5070977,1c1e930d52629e96008581c32f9b7c6b,290
5070977,1c1e930d52629e96008581c32f9b7c6b,441
5070977,1c1e930d52629e96008581c32f9b7c6b,490
5070977,1c1e930d52629e96008581c32f9b7c6b,690
6078671,9237a523c670b6722f9c5b31e429cd4e,291
6078671,9237a523c670b6722f9c5b31e429cd4e,340
6078671,9237a523c670b6722f9c5b31e429cd4e,950
6078671,9237a523c670b6722f9c5b31e429cd4e,970
4136354,66a83a69f001945ba6520acbe77195a8,292
4136354,66a83a69f001945ba6520acbe77195a8,340
4136354,66a83a69f001945ba6520acbe77195a8,670
4136354,66a83a69f001945ba6520acbe77195a8,691
4666323,c6d321c69c7306f28502cd2051c6b66f,290
4666323,c6d321c69c7306f28502cd2051c6b66f,340
4666323,c6d321c69c7306f28502cd2051c6b66f,410
4666323,c6d321c69c7306f28502cd2051c6b66f,720
4666323,c6d321c69c7306f28502cd2051c6b66f,750
4666323,c6d321c69c7306f28502cd2051c6b66f,770
4666323,c6d321c69c7306f28502cd2051c6b66f,960
18917132,2d244ba984070c9879b53ba1363066b1,291
18917132,2d244ba984070c9879b53ba1363066b1,320
18917132,2d244ba984070c9879b53ba1363066b1,340
18917132,2d244ba984070c9879b53ba1363066b1,690
18917132,2d244ba984070c9879b53ba1363066b1,801
1455207,22db0318ecb7a081086136b65482f095,291
1455207,22db0318ecb7a081086136b65482f095,340
1455207,22db0318ecb7a081086136b65482f095,950
1455207,22db0318ecb7a081086136b65482f095,970
6362612,7db10154ac632e6c39b57980422a9490,200
6362612,7db10154ac632e6c39b57980422a9490,291
6362612,7db10154ac632e6c39b57980422a9490,340
6362612,7db10154ac632e6c39b57980422a9490,641
6362612,7db10154ac632e6c39b57980422a9490,692
4523376,31abaa0937e0b4c28143173ed567ead3,290
4735903,1748a5e447722cdf8bcdc0628368671a,291
4735903,1748a5e447722cdf8bcdc0628368671a,340
4735903,1748a5e447722cdf8bcdc0628368671a,410
4735903,1748a5e447722cdf8bcdc0628368671a,520
4735903,1748a5e447722cdf8bcdc0628368671a,720
4735903,1748a5e447722cdf8bcdc0628368671a,750
4735903,1748a5e447722cdf8bcdc0628368671a,980
6929063,c8eda04313b832a04641431e851e5519,291
6929063,c8eda04313b832a04641431e851e5519,340
6929063,c8eda04313b832a04641431e851e5519,641
6929063,c8eda04313b832a04641431e851e5519,692
15051894,7edae4c0453d36ca663b0fee1ecb36be,292
15051894,7edae4c0453d36ca663b0fee1ecb36be,320
15051894,7edae4c0453d36ca663b0fee1ecb36be,340
15051894,7edae4c0453d36ca663b0fee1ecb36be,690
15051894,7edae4c0453d36ca663b0fee1ecb36be,801
6234930,6e1f819bbc44162312dfd0a4e06892b6,120
6234930,6e1f819bbc44162312dfd0a4e06892b6,292
6234930,6e1f819bbc44162312dfd0a4e06892b6,340
6234930,6e1f819bbc44162312dfd0a4e06892b6,692
6234930,6e1f819bbc44162312dfd0a4e06892b6,770
6234930,6e1f819bbc44162312dfd0a4e06892b6,780
6234930,6e1f819bbc44162312dfd0a4e06892b6,801
6234930,6e1f819bbc44162312dfd0a4e06892b6,1010
5375137,6502d420cef1ae69b45d5e10da8972a3,200
5375137,6502d420cef1ae69b45d5e10da8972a3,292
5375137,6502d420cef1ae69b45d5e10da8972a3,310
5375137,6502d420cef1ae69b45d5e10da8972a3,340
4481311,7f0006e6e1ef832fd73a3aed1bba38f0,291
4481311,7f0006e6e1ef832fd73a3aed1bba38f0,600
4481311,7f0006e6e1ef832fd73a3aed1bba38f0,621
4481311,7f0006e6e1ef832fd73a3aed1bba38f0,950
4481311,7f0006e6e1ef832fd73a3aed1bba38f0,970
20379743,db259541f231f7efa9976af33eed0ea2,290
20379743,db259541f231f7efa9976af33eed0ea2,410
20379743,db259541f231f7efa9976af33eed0ea2,720
20379743,db259541f231f7efa9976af33eed0ea2,750
20379743,db259541f231f7efa9976af33eed0ea2,780
20379743,db259541f231f7efa9976af33eed0ea2,960
5745614,0588e43ea7ad1ef603059269db6467eb,291
5745614,0588e43ea7ad1ef603059269db6467eb,320
5745614,0588e43ea7ad1ef603059269db6467eb,340
5745614,0588e43ea7ad1ef603059269db6467eb,410
5745614,0588e43ea7ad1ef603059269db6467eb,480
5745614,0588e43ea7ad1ef603059269db6467eb,485
5807766,7d706acb7107f5f717ca3cfcfe43e001,290
5807766,7d706acb7107f5f717ca3cfcfe43e001,340
5807766,7d706acb7107f5f717ca3cfcfe43e001,410
5807766,7d706acb7107f5f717ca3cfcfe43e001,480
5807766,7d706acb7107f5f717ca3cfcfe43e001,485
5807766,7d706acb7107f5f717ca3cfcfe43e001,520
6944352,4a9ae9cd6f901e6cbd04e1d28d5b63fb,291
6944352,4a9ae9cd6f901e6cbd04e1d28d5b63fb,360
6944352,4a9ae9cd6f901e6cbd04e1d28d5b63fb,950
6944352,4a9ae9cd6f901e6cbd04e1d28d5b63fb,970
4772500,d6a7548083447add8eb7d6ca013b6c5a,290
4772500,d6a7548083447add8eb7d6ca013b6c5a,360
4772500,d6a7548083447add8eb7d6ca013b6c5a,410
4772500,d6a7548083447add8eb7d6ca013b6c5a,720
4772500,d6a7548083447add8eb7d6ca013b6c5a,750
4772500,d6a7548083447add8eb7d6ca013b6c5a,780
4772500,d6a7548083447add8eb7d6ca013b6c5a,920
4622625,45a12fc8954297bebfea4c8ac34a5f67,290
4622625,45a12fc8954297bebfea4c8ac34a5f67,320
4622625,45a12fc8954297bebfea4c8ac34a5f67,340
4622625,45a12fc8954297bebfea4c8ac34a5f67,410
4622625,45a12fc8954297bebfea4c8ac34a5f67,750
4622625,45a12fc8954297bebfea4c8ac34a5f67,780
144389,b9a96e5f4d4ac8529668ffe6766f2b31,292
144389,b9a96e5f4d4ac8529668ffe6766f2b31,340
144389,b9a96e5f4d4ac8529668ffe6766f2b31,691
144389,b9a96e5f4d4ac8529668ffe6766f2b31,901
4618425,6287a74b664fd8ad4ed5c541b399a82b,200
4618425,6287a74b664fd8ad4ed5c541b399a82b,291
4618425,6287a74b664fd8ad4ed5c541b399a82b,360
19480197,e933750ae36bf154545d9d192ee12f12,290
19480197,e933750ae36bf154545d9d192ee12f12,340
19480197,e933750ae36bf154545d9d192ee12f12,410
19480197,e933750ae36bf154545d9d192ee12f12,720
19480197,e933750ae36bf154545d9d192ee12f12,750
19480197,e933750ae36bf154545d9d192ee12f12,780
11079648,d04d0a85309b5e22b911cc9ecd87e728,291
11079648,d04d0a85309b5e22b911cc9ecd87e728,340
516073,e8749809dab4a55b560a0a2082c89be0,200
516073,e8749809dab4a55b560a0a2082c89be0,291
516073,e8749809dab4a55b560a0a2082c89be0,360
16466988,5aa0165b259fa81179229ab8dad91026,160
16466988,5aa0165b259fa81179229ab8dad91026,291
16466988,5aa0165b259fa81179229ab8dad91026,360
16466988,5aa0165b259fa81179229ab8dad91026,410
16466988,5aa0165b259fa81179229ab8dad91026,480
4542047,a76e05216166efb0003da22a54979f2b,291
4542047,a76e05216166efb0003da22a54979f2b,340
4542047,a76e05216166efb0003da22a54979f2b,641
4542047,a76e05216166efb0003da22a54979f2b,692
12940739,296c6e9d77d70e858a4c1161ee0d3261,290
12940739,296c6e9d77d70e858a4c1161ee0d3261,950
12940739,296c6e9d77d70e858a4c1161ee0d3261,980
10261603,f6d67ccabb65e7ecacd088ee5c1448a4,290
10261603,f6d67ccabb65e7ecacd088ee5c1448a4,690
10261603,f6d67ccabb65e7ecacd088ee5c1448a4,901
7120122,fe2b7f4f9004f50d32ede5b3f202a78f,292
7120122,fe2b7f4f9004f50d32ede5b3f202a78f,340
7120122,fe2b7f4f9004f50d32ede5b3f202a78f,911
7120122,fe2b7f4f9004f50d32ede5b3f202a78f,950
6477618,836079afad2a05332854f57e96d5dfff,200
6477618,836079afad2a05332854f57e96d5dfff,291
6477618,836079afad2a05332854f57e96d5dfff,340
6477618,836079afad2a05332854f57e96d5dfff,641
6477618,836079afad2a05332854f57e96d5dfff,692
10085625,ef7bf24039a47423e252abc269943e2f,200
10085625,ef7bf24039a47423e252abc269943e2f,290
10085625,ef7bf24039a47423e252abc269943e2f,360
10085625,ef7bf24039a47423e252abc269943e2f,640
10085625,ef7bf24039a47423e252abc269943e2f,691
13179409,c603b8a6262c640d265c2fd4ffb8a7a9,290
13179409,c603b8a6262c640d265c2fd4ffb8a7a9,600
13179409,c603b8a6262c640d265c2fd4ffb8a7a9,950
13179409,c603b8a6262c640d265c2fd4ffb8a7a9,960
13179409,c603b8a6262c640d265c2fd4ffb8a7a9,970
3129409,b1a19231b87adc0073985a2169e6c8e5,290
12035326,9d8ac750b78168e31b14f71e87ab2087,200
12035326,9d8ac750b78168e31b14f71e87ab2087,290
12035326,9d8ac750b78168e31b14f71e87ab2087,340
12035326,9d8ac750b78168e31b14f71e87ab2087,410
12035326,9d8ac750b78168e31b14f71e87ab2087,640
12035326,9d8ac750b78168e31b14f71e87ab2087,690
1599944,e0ded3ab0816539dbbdb82bb06a73917,291
1599944,e0ded3ab0816539dbbdb82bb06a73917,360
4488913,3d673d9a1242b41da9bbd91ec6629790,291
4488913,3d673d9a1242b41da9bbd91ec6629790,340
4488913,3d673d9a1242b41da9bbd91ec6629790,641
4488913,3d673d9a1242b41da9bbd91ec6629790,692
4990653,ef468fa349bb8f058aa5dcd76bda60b2,200
4990653,ef468fa349bb8f058aa5dcd76bda60b2,290
4990653,ef468fa349bb8f058aa5dcd76bda60b2,340
5198235,454570b1c9d5679487c83e81876b499f,290
5198235,454570b1c9d5679487c83e81876b499f,410
5198235,454570b1c9d5679487c83e81876b499f,480
5198235,454570b1c9d5679487c83e81876b499f,485
5198235,454570b1c9d5679487c83e81876b499f,520
2870300,5800f96486e5da6a64282e3cde870056,291
2870300,5800f96486e5da6a64282e3cde870056,303
2870300,5800f96486e5da6a64282e3cde870056,310
2870300,5800f96486e5da6a64282e3cde870056,340
4596959,c53d00444482203eba722037b4d900f3,290
4596959,c53d00444482203eba722037b4d900f3,310
4596959,c53d00444482203eba722037b4d900f3,440
4596959,c53d00444482203eba722037b4d900f3,441
4596959,c53d00444482203eba722037b4d900f3,460
4596959,c53d00444482203eba722037b4d900f3,690
16017933,8aa1b60ab7d2ee9b89e77f2650d4c0c7,290
16017933,8aa1b60ab7d2ee9b89e77f2650d4c0c7,320
16017933,8aa1b60ab7d2ee9b89e77f2650d4c0c7,360
16017933,8aa1b60ab7d2ee9b89e77f2650d4c0c7,690
16017933,8aa1b60ab7d2ee9b89e77f2650d4c0c7,801
16017933,8aa1b60ab7d2ee9b89e77f2650d4c0c7,1010
14243663,f8b76a6ebc60386aad1e3d662b2a017f,290
14243663,f8b76a6ebc60386aad1e3d662b2a017f,690
14243663,f8b76a6ebc60386aad1e3d662b2a017f,901
5433679,7f09eeeb1982a7ceb04c78c01789eac2,291
5433679,7f09eeeb1982a7ceb04c78c01789eac2,340
5433679,7f09eeeb1982a7ceb04c78c01789eac2,520
5433679,7f09eeeb1982a7ceb04c78c01789eac2,750
5433679,7f09eeeb1982a7ceb04c78c01789eac2,990
470457,b4c71d5ab9012fb302483664fafcb7a4,160
470457,b4c71d5ab9012fb302483664fafcb7a4,292
470457,b4c71d5ab9012fb302483664fafcb7a4,340
5395483,1b77f3da72e68eef3c8a73c8932d7bf2,292
5395483,1b77f3da72e68eef3c8a73c8932d7bf2,300
5395483,1b77f3da72e68eef3c8a73c8932d7bf2,301
5395483,1b77f3da72e68eef3c8a73c8932d7bf2,302
5395483,1b77f3da72e68eef3c8a73c8932d7bf2,340
10865849,c7af141d2ff935856fb56e0fb6d5e74b,200
10865849,c7af141d2ff935856fb56e0fb6d5e74b,292
10865849,c7af141d2ff935856fb56e0fb6d5e74b,340
10865849,c7af141d2ff935856fb56e0fb6d5e74b,641
10865849,c7af141d2ff935856fb56e0fb6d5e74b,692
4924225,84710897567968df73182df8c74f4a97,290
4924225,84710897567968df73182df8c74f4a97,410
4924225,84710897567968df73182df8c74f4a97,720
4924225,84710897567968df73182df8c74f4a97,750
4924225,84710897567968df73182df8c74f4a97,780
4924225,84710897567968df73182df8c74f4a97,920
4924225,84710897567968df73182df8c74f4a97,960
7734589,30ac85d68f3125793766a17b6cca4256,292
7734589,30ac85d68f3125793766a17b6cca4256,300
7734589,30ac85d68f3125793766a17b6cca4256,301
7734589,30ac85d68f3125793766a17b6cca4256,340
7734589,30ac85d68f3125793766a17b6cca4256,950
15104743,2ae7a054de2b06402837bca5e75cb572,291
15104743,2ae7a054de2b06402837bca5e75cb572,340
15104743,2ae7a054de2b06402837bca5e75cb572,950
15104743,2ae7a054de2b06402837bca5e75cb572,970
311648,b4f3b5305ba56f74b0e0da92150f38b7,200
311648,b4f3b5305ba56f74b0e0da92150f38b7,290
311648,b4f3b5305ba56f74b0e0da92150f38b7,340
311648,b4f3b5305ba56f74b0e0da92150f38b7,641
311648,b4f3b5305ba56f74b0e0da92150f38b7,690
5163636,936427a2367e9cebd2d1c914c9cc8ccd,290
5163636,936427a2367e9cebd2d1c914c9cc8ccd,340
5163636,936427a2367e9cebd2d1c914c9cc8ccd,410
5163636,936427a2367e9cebd2d1c914c9cc8ccd,750
5163636,936427a2367e9cebd2d1c914c9cc8ccd,780
10085590,026146a98377deebacda89ab5af9d825,200
10085590,026146a98377deebacda89ab5af9d825,290
10085590,026146a98377deebacda89ab5af9d825,360
10085590,026146a98377deebacda89ab5af9d825,640
10085590,026146a98377deebacda89ab5af9d825,691
6466319,e9628e7c4ac7b3ac8d4e7d568a8afd59,291
6466319,e9628e7c4ac7b3ac8d4e7d568a8afd59,300
6466319,e9628e7c4ac7b3ac8d4e7d568a8afd59,301
6466319,e9628e7c4ac7b3ac8d4e7d568a8afd59,340
6466319,e9628e7c4ac7b3ac8d4e7d568a8afd59,950
4751971,306bbe86c3aedd3bd0297b1cc886555c,290
4751971,306bbe86c3aedd3bd0297b1cc886555c,340
4751971,306bbe86c3aedd3bd0297b1cc886555c,410
4751971,306bbe86c3aedd3bd0297b1cc886555c,720
4751971,306bbe86c3aedd3bd0297b1cc886555c,750
4751971,306bbe86c3aedd3bd0297b1cc886555c,780
4751971,306bbe86c3aedd3bd0297b1cc886555c,920
4113899,4aa0226b602ac7f30442de7b52817115,291
4113899,4aa0226b602ac7f30442de7b52817115,360
4113899,4aa0226b602ac7f30442de7b52817115,672
4113899,4aa0226b602ac7f30442de7b52817115,690
5719811,4976d8d2c5af2224090a1fb29a8b35a2,200
5719811,4976d8d2c5af2224090a1fb29a8b35a2,292
5719811,4976d8d2c5af2224090a1fb29a8b35a2,310
5719811,4976d8d2c5af2224090a1fb29a8b35a2,340
7135300,ce93956193dc197de190d74f5f116689,290
7135300,ce93956193dc197de190d74f5f116689,340
7135300,ce93956193dc197de190d74f5f116689,950
5114197,3939fa8eca5feaf6d2cffdf2ce5b2e7f,290
5114197,3939fa8eca5feaf6d2cffdf2ce5b2e7f,410
5114197,3939fa8eca5feaf6d2cffdf2ce5b2e7f,440
5114197,3939fa8eca5feaf6d2cffdf2ce5b2e7f,441
5114197,3939fa8eca5feaf6d2cffdf2ce5b2e7f,460
5114197,3939fa8eca5feaf6d2cffdf2ce5b2e7f,691
4239373,521652f6b877c09701be9b10ce1717e5,291
4239373,521652f6b877c09701be9b10ce1717e5,340
4239373,521652f6b877c09701be9b10ce1717e5,691
4239373,521652f6b877c09701be9b10ce1717e5,801
1223837,78b8d7e59a809e5f5746e56ee13cffc2,292
1223837,78b8d7e59a809e5f5746e56ee13cffc2,360
1223837,78b8d7e59a809e5f5746e56ee13cffc2,691
1223837,78b8d7e59a809e5f5746e56ee13cffc2,901
6361763,b5a125e774ab2490e49994d3e7dab9f3,200
6361763,b5a125e774ab2490e49994d3e7dab9f3,291
6361763,b5a125e774ab2490e49994d3e7dab9f3,340
6361763,b5a125e774ab2490e49994d3e7dab9f3,641
6361763,b5a125e774ab2490e49994d3e7dab9f3,692
4731569,c431f1303e28b192eb19e13ed9eaa64f,200
4731569,c431f1303e28b192eb19e13ed9eaa64f,290
4731569,c431f1303e28b192eb19e13ed9eaa64f,340
9574812,c6132928cba6b44adc82ceda7e3690fa,200
9574812,c6132928cba6b44adc82ceda7e3690fa,291
9574812,c6132928cba6b44adc82ceda7e3690fa,360
5090750,d0c41d1bf596e424dcb82edfb169e680,292
5090750,d0c41d1bf596e424dcb82edfb169e680,340
5090750,d0c41d1bf596e424dcb82edfb169e680,410
5090750,d0c41d1bf596e424dcb82edfb169e680,520
5090750,d0c41d1bf596e424dcb82edfb169e680,720
5090750,d0c41d1bf596e424dcb82edfb169e680,750
5090750,d0c41d1bf596e424dcb82edfb169e680,960
5090750,d0c41d1bf596e424dcb82edfb169e680,980
5090750,d0c41d1bf596e424dcb82edfb169e680,1010
10404098,37d17d71a635d7e50ac48bdedfd5c8b5,291
10404098,37d17d71a635d7e50ac48bdedfd5c8b5,340
5416855,95db5cb8760c4453ce95a208b1b3c4ff,291
5416855,95db5cb8760c4453ce95a208b1b3c4ff,340
5416855,95db5cb8760c4453ce95a208b1b3c4ff,410
5416855,95db5cb8760c4453ce95a208b1b3c4ff,520
5416855,95db5cb8760c4453ce95a208b1b3c4ff,720
5416855,95db5cb8760c4453ce95a208b1b3c4ff,750
5416855,95db5cb8760c4453ce95a208b1b3c4ff,980
10697576,d5291922d9d516141e386203e1e7dfc1,292
10697576,d5291922d9d516141e386203e1e7dfc1,340
10697576,d5291922d9d516141e386203e1e7dfc1,640
10697576,d5291922d9d516141e386203e1e7dfc1,692
7139690,c103ce0b3bab28b6cdc7dfc8d11eec64,292
7139690,c103ce0b3bab28b6cdc7dfc8d11eec64,300
7139690,c103ce0b3bab28b6cdc7dfc8d11eec64,301
7139690,c103ce0b3bab28b6cdc7dfc8d11eec64,340
4076015,8cbdc0743b20df23b5123094663ab44d,292
4076015,8cbdc0743b20df23b5123094663ab44d,360
12420491,648a07d27747d57801d7062631119346,290
6861355,f878a342d360afd2e1a49b82c0b4b9f3,291
6861355,f878a342d360afd2e1a49b82c0b4b9f3,600
6861355,f878a342d360afd2e1a49b82c0b4b9f3,620
6861355,f878a342d360afd2e1a49b82c0b4b9f3,623
6861355,f878a342d360afd2e1a49b82c0b4b9f3,950
6861355,f878a342d360afd2e1a49b82c0b4b9f3,970
6861355,f878a342d360afd2e1a49b82c0b4b9f3,980
5051572,45452916734755bfe6feca419a576d38,290
5051572,45452916734755bfe6feca419a576d38,360
5051572,45452916734755bfe6feca419a576d38,490
5051572,45452916734755bfe6feca419a576d38,691
5051572,45452916734755bfe6feca419a576d38,901
4587088,c564ff80254cc97773de5668b397780f,200
4587088,c564ff80254cc97773de5668b397780f,292
4587088,c564ff80254cc97773de5668b397780f,310
4587088,c564ff80254cc97773de5668b397780f,340
9761989,c31242b67665e1c9a603d8c6c204ee5d,291
9761989,c31242b67665e1c9a603d8c6c204ee5d,360
9761989,c31242b67665e1c9a603d8c6c204ee5d,690
9761989,c31242b67665e1c9a603d8c6c204ee5d,801
5198436,78a5b49b9a132e43a6535d6e1de814c5,290
5198436,78a5b49b9a132e43a6535d6e1de814c5,320
5198436,78a5b49b9a132e43a6535d6e1de814c5,340
5198436,78a5b49b9a132e43a6535d6e1de814c5,410
5198436,78a5b49b9a132e43a6535d6e1de814c5,480
5198436,78a5b49b9a132e43a6535d6e1de814c5,485
6447871,5a1afc56a30ec235bb82175b1d558a1e,291
6447871,5a1afc56a30ec235bb82175b1d558a1e,320
6447871,5a1afc56a30ec235bb82175b1d558a1e,340
6447871,5a1afc56a30ec235bb82175b1d558a1e,690
6447871,5a1afc56a30ec235bb82175b1d558a1e,801
10404626,8b5afb48baffec1c781a434b138f6a7b,200
10404626,8b5afb48baffec1c781a434b138f6a7b,290
10404626,8b5afb48baffec1c781a434b138f6a7b,360
10404626,8b5afb48baffec1c781a434b138f6a7b,641
10404626,8b5afb48baffec1c781a434b138f6a7b,692
11973844,3dfdf53b7e1333e99fb0eb3486f794e0,291
11973844,3dfdf53b7e1333e99fb0eb3486f794e0,360
7564515,c99625241920878d0bf4996e78632b95,291
7564515,c99625241920878d0bf4996e78632b95,340
7564515,c99625241920878d0bf4996e78632b95,641
7564515,c99625241920878d0bf4996e78632b95,692
14656569,f1a8be01543a6772af0e45e40008609c,290
14656569,f1a8be01543a6772af0e45e40008609c,360
11460534,777c319ecedc5c4b02863e6f713da7ca,290
11460534,777c319ecedc5c4b02863e6f713da7ca,410
11460534,777c319ecedc5c4b02863e6f713da7ca,720
11460534,777c319ecedc5c4b02863e6f713da7ca,750
11460534,777c319ecedc5c4b02863e6f713da7ca,960
4581824,ad5fc8e655f3ad2f5d94661f80518c6f,290
4581824,ad5fc8e655f3ad2f5d94661f80518c6f,410
4581824,ad5fc8e655f3ad2f5d94661f80518c6f,480
4581824,ad5fc8e655f3ad2f5d94661f80518c6f,485
4581824,ad5fc8e655f3ad2f5d94661f80518c6f,520
3178364,a90cb3a6ae475a7692be3bc017168817,291
3178364,a90cb3a6ae475a7692be3bc017168817,360
3178364,a90cb3a6ae475a7692be3bc017168817,410
3178364,a90cb3a6ae475a7692be3bc017168817,520
3178364,a90cb3a6ae475a7692be3bc017168817,720
3178364,a90cb3a6ae475a7692be3bc017168817,750
3178364,a90cb3a6ae475a7692be3bc017168817,980
7123908,4a6de22c7f6c04042da1ee5666982a44,292
7123908,4a6de22c7f6c04042da1ee5666982a44,340
7123908,4a6de22c7f6c04042da1ee5666982a44,950
10084016,2e20a64064c24502971210e687816902,290
10084016,2e20a64064c24502971210e687816902,310
10084016,2e20a64064c24502971210e687816902,440
10084016,2e20a64064c24502971210e687816902,441
10084016,2e20a64064c24502971210e687816902,460
10084016,2e20a64064c24502971210e687816902,691
493119,b52a79373487ffeeac8d9ef123e97c23,290
493119,b52a79373487ffeeac8d9ef123e97c23,360
493119,b52a79373487ffeeac8d9ef123e97c23,641
493119,b52a79373487ffeeac8d9ef123e97c23,692
4253019,61b10a4e014e6ab3d1e7f2f631032c01,290
4253019,61b10a4e014e6ab3d1e7f2f631032c01,410
4253019,61b10a4e014e6ab3d1e7f2f631032c01,480
4253019,61b10a4e014e6ab3d1e7f2f631032c01,485
4253019,61b10a4e014e6ab3d1e7f2f631032c01,520
1258892,1d73148317625c98399f6361ea9cd9e5,120
1258892,1d73148317625c98399f6361ea9cd9e5,292
1258892,1d73148317625c98399f6361ea9cd9e5,340
1258892,1d73148317625c98399f6361ea9cd9e5,692
1258892,1d73148317625c98399f6361ea9cd9e5,770
1258892,1d73148317625c98399f6361ea9cd9e5,780
1258892,1d73148317625c98399f6361ea9cd9e5,801
1258892,1d73148317625c98399f6361ea9cd9e5,1010
7387071,788d7690f71c5de1bf0bec1bf91c93eb,292
7387071,788d7690f71c5de1bf0bec1bf91c93eb,300
7387071,788d7690f71c5de1bf0bec1bf91c93eb,301
7387071,788d7690f71c5de1bf0bec1bf91c93eb,340
6266393,ce8076dd357004a4a0f6f8c1693816b2,291
6266393,ce8076dd357004a4a0f6f8c1693816b2,340
6266393,ce8076dd357004a4a0f6f8c1693816b2,410
6266393,ce8076dd357004a4a0f6f8c1693816b2,520
6266393,ce8076dd357004a4a0f6f8c1693816b2,720
6266393,ce8076dd357004a4a0f6f8c1693816b2,750
6266393,ce8076dd357004a4a0f6f8c1693816b2,980
6078675,201012d4d01e952806065bf355db4ec1,291
6078675,201012d4d01e952806065bf355db4ec1,340
6078675,201012d4d01e952806065bf355db4ec1,950
6078675,201012d4d01e952806065bf355db4ec1,970
16829925,cc0cb32c36992b56a800001cfc1804f4,290
16829925,cc0cb32c36992b56a800001cfc1804f4,340
16829925,cc0cb32c36992b56a800001cfc1804f4,410
16829925,cc0cb32c36992b56a800001cfc1804f4,720
16829925,cc0cb32c36992b56a800001cfc1804f4,750
16829925,cc0cb32c36992b56a800001cfc1804f4,960
5194629,a0bcf130e31a8375a477a19abd967ac3,200
5194629,a0bcf130e31a8375a477a19abd967ac3,292
5194629,a0bcf130e31a8375a477a19abd967ac3,340
5194629,a0bcf130e31a8375a477a19abd967ac3,641
5194629,a0bcf130e31a8375a477a19abd967ac3,692
6784745,1e33dac4b849093687d04557f7e25ea5,291
6784745,1e33dac4b849093687d04557f7e25ea5,340
6784745,1e33dac4b849093687d04557f7e25ea5,410
6784745,1e33dac4b849093687d04557f7e25ea5,520
6784745,1e33dac4b849093687d04557f7e25ea5,720
6784745,1e33dac4b849093687d04557f7e25ea5,750
6784745,1e33dac4b849093687d04557f7e25ea5,980
4253003,0eaf2e9afe441c57b90210735ecae73b,290
4253003,0eaf2e9afe441c57b90210735ecae73b,410
4253003,0eaf2e9afe441c57b90210735ecae73b,480
4253003,0eaf2e9afe441c57b90210735ecae73b,485
4253003,0eaf2e9afe441c57b90210735ecae73b,520
18836552,88004531a4ea7c075776de7b716a7987,291
18836552,88004531a4ea7c075776de7b716a7987,320
18836552,88004531a4ea7c075776de7b716a7987,340
18836552,88004531a4ea7c075776de7b716a7987,410
18836552,88004531a4ea7c075776de7b716a7987,480
18836552,88004531a4ea7c075776de7b716a7987,485
1218940,585dec735db2f914712dca7ef7a2acd9,290
7732617,95da5be3c0c37a1bf50e3a329b9e9fba,291
7732617,95da5be3c0c37a1bf50e3a329b9e9fba,360
12633828,af49bf330e2cf16e44f0be1bdfe337bd,290
12633828,af49bf330e2cf16e44f0be1bdfe337bd,600
12633828,af49bf330e2cf16e44f0be1bdfe337bd,610
12633828,af49bf330e2cf16e44f0be1bdfe337bd,950
12633828,af49bf330e2cf16e44f0be1bdfe337bd,970
12633828,af49bf330e2cf16e44f0be1bdfe337bd,980
6622284,f30df0d93866be80bc53e79ec0a67bdc,200
6622284,f30df0d93866be80bc53e79ec0a67bdc,291
6622284,f30df0d93866be80bc53e79ec0a67bdc,310
6622284,f30df0d93866be80bc53e79ec0a67bdc,340
6622284,f30df0d93866be80bc53e79ec0a67bdc,410
5176796,6f8cf84c88f3caf34a3bf4a5ef0399c6,290
5176796,6f8cf84c88f3caf34a3bf4a5ef0399c6,400
5176796,6f8cf84c88f3caf34a3bf4a5ef0399c6,410
5176796,6f8cf84c88f3caf34a3bf4a5ef0399c6,480
5176796,6f8cf84c88f3caf34a3bf4a5ef0399c6,485
5176796,6f8cf84c88f3caf34a3bf4a5ef0399c6,520
4590333,3de7fa3f32a78f8e7757ba9c48637a8e,292
4590333,3de7fa3f32a78f8e7757ba9c48637a8e,340
4590333,3de7fa3f32a78f8e7757ba9c48637a8e,672
4590333,3de7fa3f32a78f8e7757ba9c48637a8e,691
5141108,7ae8bf4589cdcd89092908b38ab5792e,291
5141108,7ae8bf4589cdcd89092908b38ab5792e,320
5141108,7ae8bf4589cdcd89092908b38ab5792e,340
5141108,7ae8bf4589cdcd89092908b38ab5792e,410
5141108,7ae8bf4589cdcd89092908b38ab5792e,480
5141108,7ae8bf4589cdcd89092908b38ab5792e,485
11972145,8bff37877d0a917a13e0760713e80f2f,292
11972145,8bff37877d0a917a13e0760713e80f2f,340
18923427,ff6b61ee3b5303f57aba978611725ade,290
18923427,ff6b61ee3b5303f57aba978611725ade,410
18923427,ff6b61ee3b5303f57aba978611725ade,720
18923427,ff6b61ee3b5303f57aba978611725ade,750
18923427,ff6b61ee3b5303f57aba978611725ade,780
18923427,ff6b61ee3b5303f57aba978611725ade,960
7117256,0eabf1bdc973f7721769ded3747e6ce8,292
7117256,0eabf1bdc973f7721769ded3747e6ce8,340
7117256,0eabf1bdc973f7721769ded3747e6ce8,950
7191928,60c5a9b1fa0e0a01fa15ec54689d6346,200
7191928,60c5a9b1fa0e0a01fa15ec54689d6346,292
7191928,60c5a9b1fa0e0a01fa15ec54689d6346,340
7191928,60c5a9b1fa0e0a01fa15ec54689d6346,641
7191928,60c5a9b1fa0e0a01fa15ec54689d6346,692
11971633,38107916dab07b17b7e5104cd0c27e70,290
4637392,77cd4b49c0b58f2a7c99e01901cdb543,291
4637392,77cd4b49c0b58f2a7c99e01901cdb543,340
4637392,77cd4b49c0b58f2a7c99e01901cdb543,410
4637392,77cd4b49c0b58f2a7c99e01901cdb543,520
4637392,77cd4b49c0b58f2a7c99e01901cdb543,720
4637392,77cd4b49c0b58f2a7c99e01901cdb543,750
4637392,77cd4b49c0b58f2a7c99e01901cdb543,980
12407585,3cea025ba722b1ccef983ac6d50c09f0,291
12407585,3cea025ba722b1ccef983ac6d50c09f0,340
12407585,3cea025ba722b1ccef983ac6d50c09f0,410
12407585,3cea025ba722b1ccef983ac6d50c09f0,520
12407585,3cea025ba722b1ccef983ac6d50c09f0,720
12407585,3cea025ba722b1ccef983ac6d50c09f0,750
12407585,3cea025ba722b1ccef983ac6d50c09f0,980
5044970,4a8d512b0e7dd622e565f9b57eeffd96,290
5044970,4a8d512b0e7dd622e565f9b57eeffd96,340
5044970,4a8d512b0e7dd622e565f9b57eeffd96,490
5044970,4a8d512b0e7dd622e565f9b57eeffd96,691
5044970,4a8d512b0e7dd622e565f9b57eeffd96,901
3911526,1ca27d09ab2630f9ec64c278d68dec9e,291
3911526,1ca27d09ab2630f9ec64c278d68dec9e,360
3911526,1ca27d09ab2630f9ec64c278d68dec9e,410
3911526,1ca27d09ab2630f9ec64c278d68dec9e,520
3911526,1ca27d09ab2630f9ec64c278d68dec9e,720
3911526,1ca27d09ab2630f9ec64c278d68dec9e,750
3911526,1ca27d09ab2630f9ec64c278d68dec9e,980
16474347,de7d7df4bd261553611807858e939e45,290
16474347,de7d7df4bd261553611807858e939e45,340
16474347,de7d7df4bd261553611807858e939e45,410
16474347,de7d7df4bd261553611807858e939e45,480
16474347,de7d7df4bd261553611807858e939e45,485
16474347,de7d7df4bd261553611807858e939e45,520
6625281,b780526e59cf54ad95332bb9c6e7e1ff,120
6625281,b780526e59cf54ad95332bb9c6e7e1ff,292
6625281,b780526e59cf54ad95332bb9c6e7e1ff,340
6625281,b780526e59cf54ad95332bb9c6e7e1ff,692
6625281,b780526e59cf54ad95332bb9c6e7e1ff,770
6625281,b780526e59cf54ad95332bb9c6e7e1ff,780
6625281,b780526e59cf54ad95332bb9c6e7e1ff,801
6625281,b780526e59cf54ad95332bb9c6e7e1ff,1010
16392452,160f278f7bfde61292760d9cad458045,291
16392452,160f278f7bfde61292760d9cad458045,340
16392452,160f278f7bfde61292760d9cad458045,641
16392452,160f278f7bfde61292760d9cad458045,692
10865759,b9e4929f0949436c5e4bca49001f5f0e,291
10865759,b9e4929f0949436c5e4bca49001f5f0e,340
10865759,b9e4929f0949436c5e4bca49001f5f0e,641
10865759,b9e4929f0949436c5e4bca49001f5f0e,691
12593765,2df2b7fb1a48f350e0f4e58468e9150d,290
12593765,2df2b7fb1a48f350e0f4e58468e9150d,671
12593765,2df2b7fb1a48f350e0f4e58468e9150d,690
12593765,2df2b7fb1a48f350e0f4e58468e9150d,950
9907042,3c2a559966c769e6dbf13f85cf6a4e8d,291
9907042,3c2a559966c769e6dbf13f85cf6a4e8d,340
9907042,3c2a559966c769e6dbf13f85cf6a4e8d,641
9907042,3c2a559966c769e6dbf13f85cf6a4e8d,692
9707989,eb0e661f3ed57ef7ca16418bf50e363e,200
9707989,eb0e661f3ed57ef7ca16418bf50e363e,290
9707989,eb0e661f3ed57ef7ca16418bf50e363e,360
20511937,912a5423778166c4460d360773e8f8b4,291
20511937,912a5423778166c4460d360773e8f8b4,340
20511937,912a5423778166c4460d360773e8f8b4,490
6433154,e28cb87afb386a37aecc83497925d05b,120
6433154,e28cb87afb386a37aecc83497925d05b,291
6433154,e28cb87afb386a37aecc83497925d05b,340
6433154,e28cb87afb386a37aecc83497925d05b,692
6433154,e28cb87afb386a37aecc83497925d05b,770
6433154,e28cb87afb386a37aecc83497925d05b,780
6433154,e28cb87afb386a37aecc83497925d05b,801
6433154,e28cb87afb386a37aecc83497925d05b,1010
5068038,67ca50ab5284575e349eeb90f780aa16,290
5068038,67ca50ab5284575e349eeb90f780aa16,360
5068038,67ca50ab5284575e349eeb90f780aa16,410
5068038,67ca50ab5284575e349eeb90f780aa16,480
5068038,67ca50ab5284575e349eeb90f780aa16,485
5068038,67ca50ab5284575e349eeb90f780aa16,520
4566202,6accb65dc4ee04b8fc99a753dee12fe4,291
4566202,6accb65dc4ee04b8fc99a753dee12fe4,340
4566202,6accb65dc4ee04b8fc99a753dee12fe4,600
4566202,6accb65dc4ee04b8fc99a753dee12fe4,950
4566202,6accb65dc4ee04b8fc99a753dee12fe4,960
4566202,6accb65dc4ee04b8fc99a753dee12fe4,970
17277201,d714bc5c946ec01d9b09714524805e5c,290
17277201,d714bc5c946ec01d9b09714524805e5c,340
7015691,4c9e80afa34dd8333017d8fd53a36db0,291
7015691,4c9e80afa34dd8333017d8fd53a36db0,340
7015691,4c9e80afa34dd8333017d8fd53a36db0,950
6485146,e7997aa44d6607e3a72ac928669b659b,200
6485146,e7997aa44d6607e3a72ac928669b659b,291
6485146,e7997aa44d6607e3a72ac928669b659b,360
5341438,7c8913793b34803c9ff8d73943dcb08f,292
5341438,7c8913793b34803c9ff8d73943dcb08f,301
5341438,7c8913793b34803c9ff8d73943dcb08f,340
5341438,7c8913793b34803c9ff8d73943dcb08f,672
5341438,7c8913793b34803c9ff8d73943dcb08f,692
5062788,bb44b9dce3ab87297256a845cb4c8e16,200
5062788,bb44b9dce3ab87297256a845cb4c8e16,291
5062788,bb44b9dce3ab87297256a845cb4c8e16,340
5137518,bd398fa85f515fa79aee68390f1eff0c,290
5137518,bd398fa85f515fa79aee68390f1eff0c,340
5137518,bd398fa85f515fa79aee68390f1eff0c,410
5137518,bd398fa85f515fa79aee68390f1eff0c,520
5137518,bd398fa85f515fa79aee68390f1eff0c,750
5137518,bd398fa85f515fa79aee68390f1eff0c,955
11137490,7e1a8ae32cc035012d4f49fed38cad7a,290
11137490,7e1a8ae32cc035012d4f49fed38cad7a,440
11137490,7e1a8ae32cc035012d4f49fed38cad7a,441
11137490,7e1a8ae32cc035012d4f49fed38cad7a,460
11137490,7e1a8ae32cc035012d4f49fed38cad7a,480
11137490,7e1a8ae32cc035012d4f49fed38cad7a,690
4590369,73f0ba08b65f724ebe888d7cf852d768,290
4590369,73f0ba08b65f724ebe888d7cf852d768,340
4590369,73f0ba08b65f724ebe888d7cf852d768,410
4590369,73f0ba08b65f724ebe888d7cf852d768,720
4590369,73f0ba08b65f724ebe888d7cf852d768,750
4590369,73f0ba08b65f724ebe888d7cf852d768,780
4590369,73f0ba08b65f724ebe888d7cf852d768,920
4590369,73f0ba08b65f724ebe888d7cf852d768,960
4376070,cfaca9e7f2bfa618af10f812a3dfef3e,290
4376070,cfaca9e7f2bfa618af10f812a3dfef3e,360
4376070,cfaca9e7f2bfa618af10f812a3dfef3e,440
4376070,cfaca9e7f2bfa618af10f812a3dfef3e,441
4376070,cfaca9e7f2bfa618af10f812a3dfef3e,460
4376070,cfaca9e7f2bfa618af10f812a3dfef3e,480
4376070,cfaca9e7f2bfa618af10f812a3dfef3e,690
4376070,cfaca9e7f2bfa618af10f812a3dfef3e,955
10743746,b3048ce961a92dd8c47ff6ead7edd01c,290
10743746,b3048ce961a92dd8c47ff6ead7edd01c,670
10743746,b3048ce961a92dd8c47ff6ead7edd01c,690
14656577,8857575d066fd191a1835f0cd39e9b0f,291
14656577,8857575d066fd191a1835f0cd39e9b0f,340
7124505,c3ee403dea1abec4c760ddb98920a683,292
7124505,c3ee403dea1abec4c760ddb98920a683,340
1918540,dbfa55811d5df30597b29ffac9b372d7,290
1918540,dbfa55811d5df30597b29ffac9b372d7,440
1918540,dbfa55811d5df30597b29ffac9b372d7,441
1918540,dbfa55811d5df30597b29ffac9b372d7,480
1918540,dbfa55811d5df30597b29ffac9b372d7,490
1918540,dbfa55811d5df30597b29ffac9b372d7,520
1918540,dbfa55811d5df30597b29ffac9b372d7,690
7212724,3bb713e647d7f36c74ca9268d045a655,291
7212724,3bb713e647d7f36c74ca9268d045a655,360
12633840,5f863de7185b639dc6a628704ed17484,290
12633840,5f863de7185b639dc6a628704ed17484,600
12633840,5f863de7185b639dc6a628704ed17484,610
12633840,5f863de7185b639dc6a628704ed17484,950
12633840,5f863de7185b639dc6a628704ed17484,970
12633840,5f863de7185b639dc6a628704ed17484,980
5516002,df068a1e466c91edb09750b174c4a640,120
5516002,df068a1e466c91edb09750b174c4a640,291
5516002,df068a1e466c91edb09750b174c4a640,340
5516002,df068a1e466c91edb09750b174c4a640,692
5516002,df068a1e466c91edb09750b174c4a640,770
5516002,df068a1e466c91edb09750b174c4a640,780
5516002,df068a1e466c91edb09750b174c4a640,801
5516002,df068a1e466c91edb09750b174c4a640,1010
493069,8c69859f79406fcde2129972073ec873,200
493069,8c69859f79406fcde2129972073ec873,292
493069,8c69859f79406fcde2129972073ec873,340
493069,8c69859f79406fcde2129972073ec873,641
493069,8c69859f79406fcde2129972073ec873,692
4689355,27d45461c660b8dc4dd80c1cd268ed8f,291
4689355,27d45461c660b8dc4dd80c1cd268ed8f,340
4689355,27d45461c660b8dc4dd80c1cd268ed8f,641
4689355,27d45461c660b8dc4dd80c1cd268ed8f,692
519291,bcf061c292e1f966a850601c44d45f18,292
519291,bcf061c292e1f966a850601c44d45f18,320
519291,bcf061c292e1f966a850601c44d45f18,340
519291,bcf061c292e1f966a850601c44d45f18,410
519291,bcf061c292e1f966a850601c44d45f18,480
519291,bcf061c292e1f966a850601c44d45f18,485
7142935,c6ca5766b9e55b872051525681cd68f8,291
7142935,c6ca5766b9e55b872051525681cd68f8,305
7142935,c6ca5766b9e55b872051525681cd68f8,340
7142935,c6ca5766b9e55b872051525681cd68f8,911
6356257,23c31f6d09453ce04813e2de09f6e129,120
6356257,23c31f6d09453ce04813e2de09f6e129,290
6356257,23c31f6d09453ce04813e2de09f6e129,340
6356257,23c31f6d09453ce04813e2de09f6e129,691
6356257,23c31f6d09453ce04813e2de09f6e129,770
6356257,23c31f6d09453ce04813e2de09f6e129,780
6356257,23c31f6d09453ce04813e2de09f6e129,801
6356257,23c31f6d09453ce04813e2de09f6e129,1010
5067426,49ce402920ff5e23f7241699fc12e929,290
5067426,49ce402920ff5e23f7241699fc12e929,340
5067426,49ce402920ff5e23f7241699fc12e929,410
5067426,49ce402920ff5e23f7241699fc12e929,480
5067426,49ce402920ff5e23f7241699fc12e929,485
5067426,49ce402920ff5e23f7241699fc12e929,520
14971984,04444811d5ed0d4bd4ca154acdbc1bd2,291
14971984,04444811d5ed0d4bd4ca154acdbc1bd2,340
14971984,04444811d5ed0d4bd4ca154acdbc1bd2,950
5745704,706513014b99aa52bd13b2a59a97d354,290
5745704,706513014b99aa52bd13b2a59a97d354,320
5745704,706513014b99aa52bd13b2a59a97d354,340
5745704,706513014b99aa52bd13b2a59a97d354,410
5745704,706513014b99aa52bd13b2a59a97d354,480
5745704,706513014b99aa52bd13b2a59a97d354,485
7127391,34a618a9d7d3c7c3ca973fb5abd9eaa9,290
7127391,34a618a9d7d3c7c3ca973fb5abd9eaa9,310
10045397,0634a3ce6b2050c539818c4af4b23ee3,291
10045397,0634a3ce6b2050c539818c4af4b23ee3,320
10045397,0634a3ce6b2050c539818c4af4b23ee3,360
10045397,0634a3ce6b2050c539818c4af4b23ee3,691
10045397,0634a3ce6b2050c539818c4af4b23ee3,801
5389358,2d6970d51f338bf0cc0a80534baa8ef2,291
5389358,2d6970d51f338bf0cc0a80534baa8ef2,340
5389358,2d6970d51f338bf0cc0a80534baa8ef2,410
5389358,2d6970d51f338bf0cc0a80534baa8ef2,520
5389358,2d6970d51f338bf0cc0a80534baa8ef2,720
5389358,2d6970d51f338bf0cc0a80534baa8ef2,750
5389358,2d6970d51f338bf0cc0a80534baa8ef2,980
9905366,16a2ddd70fa277d687c07f6057ef3086,291
9905366,16a2ddd70fa277d687c07f6057ef3086,340
9905366,16a2ddd70fa277d687c07f6057ef3086,641
9905366,16a2ddd70fa277d687c07f6057ef3086,691
10159323,b7dbdab34adb4bd3751c17231963ed01,290
14971963,dc5af81f7744e6ec9d79d47296fd79f4,291
14971963,dc5af81f7744e6ec9d79d47296fd79f4,360
14971963,dc5af81f7744e6ec9d79d47296fd79f4,950
13525793,24ec27bbbfbca7f4eecc06d00bbecd8a,291
13525793,24ec27bbbfbca7f4eecc06d00bbecd8a,340
13525793,24ec27bbbfbca7f4eecc06d00bbecd8a,641
13525793,24ec27bbbfbca7f4eecc06d00bbecd8a,692
5745592,ff7b54d0d4c4698053ab249ca51e8b55,292
5745592,ff7b54d0d4c4698053ab249ca51e8b55,320
5745592,ff7b54d0d4c4698053ab249ca51e8b55,340
5745592,ff7b54d0d4c4698053ab249ca51e8b55,410
5745592,ff7b54d0d4c4698053ab249ca51e8b55,480
5745592,ff7b54d0d4c4698053ab249ca51e8b55,485
14679642,18586dfd7ff4e3ea64c9e3e0a9a84507,291
14679642,18586dfd7ff4e3ea64c9e3e0a9a84507,340
14679642,18586dfd7ff4e3ea64c9e3e0a9a84507,950
16309235,dffe614a30fbbef92124073d74f26350,290
16309235,dffe614a30fbbef92124073d74f26350,410
16309235,dffe614a30fbbef92124073d74f26350,520
16309235,dffe614a30fbbef92124073d74f26350,750
16309235,dffe614a30fbbef92124073d74f26350,955
5745998,125d648f654a9f5e50ac8120bfaaf089,291
5745998,125d648f654a9f5e50ac8120bfaaf089,320
5745998,125d648f654a9f5e50ac8120bfaaf089,340
5745998,125d648f654a9f5e50ac8120bfaaf089,410
5745998,125d648f654a9f5e50ac8120bfaaf089,480
5745998,125d648f654a9f5e50ac8120bfaaf089,485
1223936,f3ea168f52d222fb094bab6369a6ed6e,292
1223936,f3ea168f52d222fb094bab6369a6ed6e,340
1223936,f3ea168f52d222fb094bab6369a6ed6e,691
1223936,f3ea168f52d222fb094bab6369a6ed6e,901
4247232,cb61d049c5816b1df4d513d06890fc8d,200
4247232,cb61d049c5816b1df4d513d06890fc8d,291
4247232,cb61d049c5816b1df4d513d06890fc8d,340
4247232,cb61d049c5816b1df4d513d06890fc8d,641
4247232,cb61d049c5816b1df4d513d06890fc8d,692
5401238,2d718ba04113894c72e7949b6e439f80,292
5401238,2d718ba04113894c72e7949b6e439f80,340
5401238,2d718ba04113894c72e7949b6e439f80,950
6619742,1310e25c31a82a8361f063727fbba467,290
6619742,1310e25c31a82a8361f063727fbba467,640
6619742,1310e25c31a82a8361f063727fbba467,691
6458459,de2e64d2d2171c2c905de2c2cd220c39,291
6458459,de2e64d2d2171c2c905de2c2cd220c39,320
6458459,de2e64d2d2171c2c905de2c2cd220c39,340
6458459,de2e64d2d2171c2c905de2c2cd220c39,692
6458459,de2e64d2d2171c2c905de2c2cd220c39,801
6458459,de2e64d2d2171c2c905de2c2cd220c39,1011
5434507,b606115b486443b35df59bfe059a563a,292
5434507,b606115b486443b35df59bfe059a563a,300
5434507,b606115b486443b35df59bfe059a563a,301
5434507,b606115b486443b35df59bfe059a563a,302
5434507,b606115b486443b35df59bfe059a563a,340
5434507,b606115b486443b35df59bfe059a563a,950
5745971,4a7615309e4fb3c31ebd87a59276f2a5,291
5745971,4a7615309e4fb3c31ebd87a59276f2a5,320
5745971,4a7615309e4fb3c31ebd87a59276f2a5,340
5745971,4a7615309e4fb3c31ebd87a59276f2a5,410
5745971,4a7615309e4fb3c31ebd87a59276f2a5,480
5745971,4a7615309e4fb3c31ebd87a59276f2a5,485
7139456,4d1e88bfdb5b3b8b0a30f3615e2104ac,291
7139456,4d1e88bfdb5b3b8b0a30f3615e2104ac,340
7139456,4d1e88bfdb5b3b8b0a30f3615e2104ac,950
4928397,615e7362a01b425580af36a42d2f8a38,291
4928397,615e7362a01b425580af36a42d2f8a38,340
4928397,615e7362a01b425580af36a42d2f8a38,641
4928397,615e7362a01b425580af36a42d2f8a38,692
7013941,8821e6a8e830371043769099f4939439,292
7013941,8821e6a8e830371043769099f4939439,340
7013941,8821e6a8e830371043769099f4939439,672
7013941,8821e6a8e830371043769099f4939439,691
16830189,12d07fc02c79da2392e77c7aca5e88e9,290
16830189,12d07fc02c79da2392e77c7aca5e88e9,410
16830189,12d07fc02c79da2392e77c7aca5e88e9,720
16830189,12d07fc02c79da2392e77c7aca5e88e9,750
16830189,12d07fc02c79da2392e77c7aca5e88e9,960
5114982,59e2ed69324796b294614b7b28b23e69,290
5114982,59e2ed69324796b294614b7b28b23e69,671
5114982,59e2ed69324796b294614b7b28b23e69,691
5114982,59e2ed69324796b294614b7b28b23e69,950
4870151,0f1f643907196ff8bdc75f19d122505a,290
4870151,0f1f643907196ff8bdc75f19d122505a,410
4870151,0f1f643907196ff8bdc75f19d122505a,720
4870151,0f1f643907196ff8bdc75f19d122505a,750
4870151,0f1f643907196ff8bdc75f19d122505a,770
17929128,c065b07399a315402af17940eae0faf6,290
17929128,c065b07399a315402af17940eae0faf6,690
17929128,c065b07399a315402af17940eae0faf6,901
10863860,393a778da07cd44517d34e73da38f252,290
10863860,393a778da07cd44517d34e73da38f252,320
10863860,393a778da07cd44517d34e73da38f252,410
10863860,393a778da07cd44517d34e73da38f252,750
10863860,393a778da07cd44517d34e73da38f252,780
6720656,5dd07932b21fc8e9ae70827dc8845b73,200
6720656,5dd07932b21fc8e9ae70827dc8845b73,292
6720656,5dd07932b21fc8e9ae70827dc8845b73,310
6720656,5dd07932b21fc8e9ae70827dc8845b73,340
5464344,240a42cc0041dbc4c556ff4bc8aca45c,290
5464344,240a42cc0041dbc4c556ff4bc8aca45c,440
5464344,240a42cc0041dbc4c556ff4bc8aca45c,441
5464344,240a42cc0041dbc4c556ff4bc8aca45c,480
5464344,240a42cc0041dbc4c556ff4bc8aca45c,490
5464344,240a42cc0041dbc4c556ff4bc8aca45c,520
5464344,240a42cc0041dbc4c556ff4bc8aca45c,690
1817659,9e9825871d75dcf8f6ddff9bc2387fcf,200
1817659,9e9825871d75dcf8f6ddff9bc2387fcf,291
1817659,9e9825871d75dcf8f6ddff9bc2387fcf,340
1817659,9e9825871d75dcf8f6ddff9bc2387fcf,641
1817659,9e9825871d75dcf8f6ddff9bc2387fcf,692
6629526,22ebe748e358c7edde42bad4a7ce430a,200
6629526,22ebe748e358c7edde42bad4a7ce430a,290
6629526,22ebe748e358c7edde42bad4a7ce430a,360
6629526,22ebe748e358c7edde42bad4a7ce430a,641
6629526,22ebe748e358c7edde42bad4a7ce430a,692
7064788,bbd4645a5c864c9085f839437782d0bd,290
7064788,bbd4645a5c864c9085f839437782d0bd,340
7064788,bbd4645a5c864c9085f839437782d0bd,950
18141482,0df71adfa720cfa55fe0c3b04a82db8d,290
18141482,0df71adfa720cfa55fe0c3b04a82db8d,440
18141482,0df71adfa720cfa55fe0c3b04a82db8d,441
18141482,0df71adfa720cfa55fe0c3b04a82db8d,460
18141482,0df71adfa720cfa55fe0c3b04a82db8d,480
18141482,0df71adfa720cfa55fe0c3b04a82db8d,690
18141482,0df71adfa720cfa55fe0c3b04a82db8d,955
10066579,c36811e9a3586e44663a50661ed21a26,290
10066579,c36811e9a3586e44663a50661ed21a26,690
10066579,c36811e9a3586e44663a50661ed21a26,801
6671219,baf575535fe7bad0e14035557cc171e2,291
6671219,baf575535fe7bad0e14035557cc171e2,340
4583115,899c3869aaaeb91d84fdd0fe135dc1c5,290
4583115,899c3869aaaeb91d84fdd0fe135dc1c5,440
4583115,899c3869aaaeb91d84fdd0fe135dc1c5,441
4583115,899c3869aaaeb91d84fdd0fe135dc1c5,480
4583115,899c3869aaaeb91d84fdd0fe135dc1c5,520
4583115,899c3869aaaeb91d84fdd0fe135dc1c5,690
19369496,f353bbd08b6c9d9654cd3bfa93336786,200
19369496,f353bbd08b6c9d9654cd3bfa93336786,291
19369496,f353bbd08b6c9d9654cd3bfa93336786,340
19369496,f353bbd08b6c9d9654cd3bfa93336786,641
19369496,f353bbd08b6c9d9654cd3bfa93336786,692
3083799,d0c68322e37b29e48acd9b0da80b1ac4,290
3083799,d0c68322e37b29e48acd9b0da80b1ac4,320
3083799,d0c68322e37b29e48acd9b0da80b1ac4,360
3083799,d0c68322e37b29e48acd9b0da80b1ac4,690
3083799,d0c68322e37b29e48acd9b0da80b1ac4,801
15980380,47b76c97ec86fa01657e7a263940283e,200
15980380,47b76c97ec86fa01657e7a263940283e,291
15980380,47b76c97ec86fa01657e7a263940283e,340
15980380,47b76c97ec86fa01657e7a263940283e,641
15980380,47b76c97ec86fa01657e7a263940283e,692
7483096,f1b8e9aff5550ee511977f386b68da70,290
7483096,f1b8e9aff5550ee511977f386b68da70,671
7483096,f1b8e9aff5550ee511977f386b68da70,691
7483096,f1b8e9aff5550ee511977f386b68da70,950
4999932,42914c2bd54859ebcfc81cd62db069c5,290
4999932,42914c2bd54859ebcfc81cd62db069c5,340
4999932,42914c2bd54859ebcfc81cd62db069c5,671
4999932,42914c2bd54859ebcfc81cd62db069c5,692
4999932,42914c2bd54859ebcfc81cd62db069c5,950
9748365,2d590a961d5a86778262a03e68192b32,291
9748365,2d590a961d5a86778262a03e68192b32,320
9748365,2d590a961d5a86778262a03e68192b32,340
9748365,2d590a961d5a86778262a03e68192b32,690
9748365,2d590a961d5a86778262a03e68192b32,801
4623733,8de5234427aa2fe864d1b4ecf3d65cde,290
4623733,8de5234427aa2fe864d1b4ecf3d65cde,410
4623733,8de5234427aa2fe864d1b4ecf3d65cde,520
4623733,8de5234427aa2fe864d1b4ecf3d65cde,750
4623733,8de5234427aa2fe864d1b4ecf3d65cde,955
6396123,7155e9c0e349da41852c41e6c02c34cb,292
6396123,7155e9c0e349da41852c41e6c02c34cb,305
6396123,7155e9c0e349da41852c41e6c02c34cb,340
10213128,3e5e07f437848e9e587419d3b4df5fed,292
10213128,3e5e07f437848e9e587419d3b4df5fed,340
7587976,10eb40452dc3d488905df582ffa6438e,292
7587976,10eb40452dc3d488905df582ffa6438e,340
6447846,ee416af0af585c7956fc60e310349f7c,292
6447846,ee416af0af585c7956fc60e310349f7c,320
6447846,ee416af0af585c7956fc60e310349f7c,340
6447846,ee416af0af585c7956fc60e310349f7c,691
6447846,ee416af0af585c7956fc60e310349f7c,801
5070714,af5fcdfe425a3681c4cac618430b11b6,292
5070714,af5fcdfe425a3681c4cac618430b11b6,340
5070714,af5fcdfe425a3681c4cac618430b11b6,410
5070714,af5fcdfe425a3681c4cac618430b11b6,520
5070714,af5fcdfe425a3681c4cac618430b11b6,720
5070714,af5fcdfe425a3681c4cac618430b11b6,750
5070714,af5fcdfe425a3681c4cac618430b11b6,960
5070714,af5fcdfe425a3681c4cac618430b11b6,980
5070714,af5fcdfe425a3681c4cac618430b11b6,1010
4770671,17ae76d8cfcbdc695f7b166759dfeeca,292
4770671,17ae76d8cfcbdc695f7b166759dfeeca,340
12733330,463c7644f0cdabd81076467c5f86a519,291
12733330,463c7644f0cdabd81076467c5f86a519,360
18837479,75c21cfa77763ccb8574127dce91078b,290
18837479,75c21cfa77763ccb8574127dce91078b,340
18837479,75c21cfa77763ccb8574127dce91078b,410
18837479,75c21cfa77763ccb8574127dce91078b,480
18837479,75c21cfa77763ccb8574127dce91078b,485
18837479,75c21cfa77763ccb8574127dce91078b,520
7129606,4697fa12e142b48580f7988d2da027b3,292
7129606,4697fa12e142b48580f7988d2da027b3,340
7129606,4697fa12e142b48580f7988d2da027b3,950
